{
  "experiment_info": {
    "timestamp": "20250916_233735",
    "eval_type": "Standard",
    "test_accuracy": 96.92307692307692,
    "best_val_accuracy": 96.69603524229075,
    "training_args": {
      "data_dir": "data_brain_tumor",
      "batch_size": 24,
      "learning_rate": 0.0001,
      "num_epochs": 100,
      "image_size": 224,
      "seed": 42,
      "use_tta": false,
      "model_save_path": "models/enhanced_brain_tumor_model.pth"
    }
  },
  "class_names": [
    "glioma_tumor",
    "meningioma_tumor",
    "no_tumor",
    "pituitary_tumor"
  ],
  "predictions": [
    3,
    3,
    1,
    1,
    0,
    1,
    3,
    1,
    0,
    0,
    3,
    0,
    1,
    3,
    1,
    1,
    1,
    0,
    1,
    0,
    1,
    0,
    3,
    3,
    2,
    1,
    3,
    1,
    0,
    1,
    3,
    1,
    0,
    3,
    0,
    1,
    3,
    0,
    2,
    0,
    3,
    1,
    1,
    3,
    2,
    0,
    3,
    0,
    0,
    0,
    1,
    1,
    1,
    3,
    1,
    1,
    1,
    3,
    3,
    0,
    0,
    3,
    0,
    3,
    0,
    0,
    0,
    1,
    3,
    2,
    1,
    0,
    0,
    2,
    0,
    1,
    0,
    0,
    3,
    3,
    3,
    2,
    3,
    0,
    3,
    3,
    3,
    0,
    1,
    3,
    1,
    1,
    0,
    0,
    1,
    1,
    1,
    0,
    3,
    0,
    3,
    2,
    0,
    0,
    3,
    3,
    0,
    1,
    0,
    1,
    3,
    3,
    3,
    2,
    2,
    1,
    3,
    3,
    0,
    0,
    3,
    3,
    0,
    2,
    0,
    0,
    0,
    2,
    3,
    2,
    0,
    1,
    0,
    2,
    3,
    0,
    1,
    1,
    0,
    3,
    1,
    1,
    1,
    2,
    0,
    3,
    0,
    0,
    2,
    0,
    0,
    0,
    0,
    1,
    3,
    3,
    3,
    3,
    0,
    3,
    2,
    3,
    0,
    0,
    1,
    3,
    3,
    3,
    2,
    3,
    3,
    1,
    3,
    0,
    0,
    0,
    1,
    1,
    3,
    1,
    1,
    0,
    3,
    3,
    1,
    3,
    3,
    0,
    1,
    0,
    1,
    2,
    0,
    0,
    1,
    3,
    0,
    0,
    0,
    0,
    1,
    1,
    1,
    0,
    1,
    1,
    0,
    0,
    3,
    0,
    2,
    0,
    3,
    3,
    1,
    0,
    1,
    1,
    0,
    0,
    3,
    3,
    0,
    3,
    0,
    2,
    0,
    1,
    0,
    2,
    3,
    2,
    1,
    2,
    3,
    0,
    1,
    3,
    3,
    0,
    2,
    3,
    1,
    3,
    2,
    1,
    0,
    0,
    1,
    0,
    2,
    3,
    3,
    3,
    0,
    3,
    3,
    0,
    2,
    1,
    2,
    3,
    1,
    2,
    1,
    2,
    2,
    0,
    0,
    0,
    2,
    3,
    3,
    0,
    1,
    0,
    1,
    1,
    1,
    1,
    3,
    0,
    1,
    0,
    3,
    0,
    3,
    1,
    0,
    3,
    3,
    1,
    0,
    3,
    3,
    3,
    3,
    2,
    3,
    1,
    3,
    3,
    1,
    3,
    1,
    1,
    1,
    0,
    0,
    1,
    3,
    3,
    2,
    1,
    1,
    1,
    1,
    3,
    3,
    2,
    3,
    3,
    0,
    0,
    1,
    1,
    1,
    1,
    0,
    1,
    3,
    3,
    3,
    3,
    1,
    1,
    0,
    0,
    3,
    1,
    1,
    2,
    3,
    3,
    2,
    1,
    3,
    3,
    1,
    0,
    1,
    0,
    1,
    0,
    3,
    2,
    2,
    1,
    1,
    0,
    0,
    3,
    1,
    3,
    0,
    3,
    1,
    0,
    1,
    2,
    0,
    0,
    3,
    0,
    1,
    1,
    0,
    3,
    1,
    1,
    3,
    1,
    0,
    3,
    0,
    3,
    1,
    0,
    2,
    3,
    2,
    2,
    0,
    3,
    3,
    2,
    0,
    0,
    1,
    0,
    3,
    0,
    1,
    0,
    1,
    0,
    2,
    0,
    0,
    0,
    0,
    0,
    1,
    0,
    0,
    3,
    3,
    0,
    1,
    1,
    3,
    3,
    1,
    3,
    1,
    1,
    0,
    1,
    2,
    3,
    0,
    3,
    1,
    1,
    0,
    0,
    0,
    2,
    1,
    1,
    2,
    0,
    0,
    1,
    0,
    2,
    1,
    1,
    0,
    2,
    3,
    2,
    1,
    2,
    1
  ],
  "true_labels": [
    3,
    3,
    1,
    1,
    0,
    1,
    3,
    1,
    0,
    0,
    3,
    0,
    1,
    3,
    1,
    1,
    1,
    0,
    1,
    0,
    1,
    0,
    3,
    3,
    2,
    1,
    3,
    1,
    0,
    1,
    3,
    1,
    0,
    3,
    0,
    1,
    3,
    0,
    2,
    0,
    3,
    1,
    1,
    3,
    2,
    0,
    3,
    0,
    0,
    0,
    1,
    1,
    1,
    3,
    1,
    1,
    1,
    3,
    3,
    0,
    0,
    3,
    0,
    3,
    0,
    0,
    0,
    1,
    3,
    2,
    1,
    0,
    0,
    2,
    0,
    1,
    0,
    0,
    3,
    3,
    3,
    2,
    3,
    0,
    3,
    3,
    3,
    0,
    1,
    3,
    1,
    1,
    1,
    0,
    1,
    1,
    1,
    0,
    1,
    0,
    3,
    2,
    0,
    0,
    3,
    3,
    0,
    1,
    0,
    1,
    3,
    3,
    3,
    3,
    2,
    1,
    3,
    3,
    0,
    1,
    3,
    3,
    0,
    2,
    0,
    0,
    0,
    2,
    3,
    2,
    0,
    1,
    0,
    2,
    3,
    0,
    1,
    1,
    0,
    3,
    1,
    1,
    1,
    2,
    0,
    3,
    0,
    1,
    2,
    0,
    0,
    0,
    0,
    1,
    3,
    3,
    3,
    1,
    0,
    3,
    2,
    3,
    0,
    0,
    1,
    3,
    3,
    2,
    2,
    3,
    3,
    1,
    3,
    0,
    0,
    0,
    1,
    1,
    3,
    1,
    1,
    0,
    3,
    3,
    1,
    3,
    3,
    0,
    1,
    0,
    1,
    2,
    0,
    0,
    1,
    3,
    1,
    0,
    0,
    0,
    1,
    1,
    1,
    0,
    1,
    1,
    0,
    0,
    3,
    0,
    2,
    0,
    3,
    3,
    1,
    0,
    1,
    1,
    0,
    0,
    3,
    3,
    0,
    3,
    0,
    2,
    0,
    1,
    0,
    2,
    3,
    2,
    1,
    2,
    3,
    0,
    1,
    3,
    3,
    0,
    2,
    3,
    1,
    3,
    2,
    1,
    0,
    0,
    1,
    0,
    2,
    3,
    3,
    3,
    0,
    3,
    3,
    0,
    2,
    1,
    2,
    3,
    1,
    2,
    1,
    2,
    2,
    0,
    0,
    0,
    2,
    3,
    3,
    0,
    1,
    0,
    1,
    1,
    1,
    1,
    3,
    0,
    1,
    0,
    3,
    0,
    3,
    1,
    0,
    3,
    3,
    1,
    0,
    3,
    3,
    3,
    3,
    2,
    3,
    1,
    3,
    3,
    1,
    3,
    1,
    1,
    1,
    0,
    1,
    0,
    3,
    3,
    2,
    1,
    1,
    1,
    1,
    3,
    3,
    2,
    3,
    3,
    0,
    1,
    1,
    1,
    1,
    1,
    0,
    1,
    3,
    3,
    3,
    3,
    1,
    1,
    0,
    0,
    3,
    1,
    1,
    2,
    3,
    3,
    2,
    1,
    3,
    3,
    1,
    0,
    1,
    0,
    1,
    0,
    3,
    2,
    2,
    1,
    1,
    0,
    0,
    3,
    1,
    3,
    0,
    3,
    1,
    0,
    1,
    2,
    0,
    0,
    3,
    0,
    1,
    1,
    0,
    3,
    1,
    1,
    3,
    1,
    0,
    3,
    1,
    3,
    1,
    0,
    2,
    3,
    2,
    2,
    0,
    3,
    3,
    2,
    0,
    0,
    1,
    0,
    3,
    0,
    1,
    0,
    1,
    0,
    2,
    0,
    0,
    0,
    0,
    0,
    1,
    0,
    0,
    3,
    3,
    0,
    1,
    1,
    3,
    3,
    1,
    3,
    1,
    1,
    0,
    1,
    2,
    2,
    0,
    3,
    1,
    1,
    0,
    0,
    0,
    2,
    1,
    1,
    2,
    1,
    0,
    1,
    0,
    2,
    1,
    1,
    0,
    2,
    3,
    2,
    1,
    2,
    1
  ],